Name,Followers
$UICIDEBOY$,916776.0
- S E C K O M -,9532.0
12th Planet,176252.0
16yrold,113667.0
1788-L,38917.0
1TakeJay,9771.0
21 Savage,924277.0
21plohoi,2303.0
3,1400.0
4i20,101468.0
5Mb-Studio,5758.0
6 dogs,123054.0
6IX9INE,669650.0
6LACK,318191.0
8D AUDIO,33386.0
@himsy,36.0
@marcusbasquiat,1095.0
@officialysm,111.0
A BOOGIE WIT DA HOODIE,835611.0
A'SOUNG,1986.0
A.K,25.0
AC Slater,113537.0
AERO CHORD,189157.0
ALLMusic,248.0
AMIDY,11891.0
AMTRAC,89886.0
ANUEL AA ‚úÖ,24958.0
APASHE,128747.0
ARCANDO,21048.0
ARKA RECORDS,632.0
ATLiens,66162.0
AViVA,6152.0
AYLEK$,49219.0
Aash Mehta,12339.0
Ace Aura,6375.0
Acid Pauli,97739.0
Adam Amin,1374.0
Add Kim,18.0
Adham Seliman,131535.0
Adictos A Los Corridos‚úÖ,3745.0
Adriatique-Cercle,114.0
Adventure Club,619215.0
Aeden,2474.0
Afrojack,1587507.0
Afterlife,62307.0
Agus Priyambodo,151.0
Ahmed Emad,103.0
AhmedtheArab,6751.0
Aiobahn,36570.0
Akari,5588.0
Alejandro Michelena,64.0
Alex Grey,150.0
Alfredo Carpineti,369.0
Alicks,17728.0
AminAshkan,254.0
Amin√©,198880.0
Amplify Music Section,34.0
Anderex,7558.0
Andrew Barth Feldman,179.0
Andy Wells 1,378.0
Angel,14652.0
Angga Kecap,2.0
Anjunadeep,196619.0
Ansel Elgort,29501.0
AnthonyPham,504.0
Anuel AA ‚úÖ,10470.0
Anuel_AA,258001.0
Ar'mon And Trey,96285.0
Arman Cekin Remixes,13490.0
Armin van Buuren,987927.0
Art of Dance,28069.0
Ashur,4289.0
Atif Aslam ‚ú™,2386.0
Atlantic Records,341058.0
Atmozfears,48016.0
Audien,175629.0
Aux London,174650.0
Avi8,5518.0
Aviwkila,10857.0
B'Small DJ,16223.0
BAINBRIDGE,6122.0
BASS FAM,3495.0
BAZZI,89566.0
BEAUZ,26063.0
BIG BANK CAMPAIGN,6786.0
BLEEP BLOOP,74245.0
BOILER ROOM,809700.0
BORN DIRTY,10702.0
BTS,1758040.0
BVRNOUT,20439.0
Baaku,2278.0
BachataRomantic,2319.0
Back Talk,4216.0
Bad Bunny ‚Äì X100Pre (√Ålbum),12088.0
Bad Wolves,3182.0
BakadiMusic,417.0
Banda Sinaloense MS de Sergio Lizarraga,3643.0
Barong Family,157004.0
Bass Santana,19347.0
Bazealous,182.0
Bean Xinh ‚ùÇ,995.0
Beast Inside Beats - Type Trap/Rap Instrumentals,24429.0
Beats In Space,90704.0
Ben Gaughan,185.0
Besomorph,10985.0
Bhad Bhabie,138521.0
Big Beat Records,738016.0
Big Wild,94100.0
BigHit OFFICIAL,24978.0
Billie Eilish,489037.0
Black Tiger Sex Machine,116794.0
Blame Connor,228.0
Blue Face,13423.0
Bold Vibrations,1492.0
Break & Enter Society,44222.0
BrennanHeart,113060.0
Bruno Torres Remixes,7471.0
Bryant Myers & Miky Woodz - Cambio De Clima Album,3150.0
Bull In A China Shop,10607.0
B·∫£o Hu·ª≥nh,164.0
CALCIUM,12890.0
CCAUL,328.0
CHOQUE URBANO,1439.0
CHURAYrec,201.0
CKTLS & DRMS,96.0
CLUBLIFE,20865.0
CODEKO,31945.0
CODEKO [CLASSIFIED],2879.0
COLOVE Products,1245.0
COMETHAZINE,221603.0
CONRANK,21155.0
COVEX,6119.0
CRVKS,4574.0
CRYJAXX Too üåê,15500.0
CVRTOON,1632.0
Calboy,21006.0
Calvin Harris,7174024.0
Cam Gia Huy,63.0
Captain Cuts,12069.0
Captain Hook,161447.0
Cardi B,366608.0
Cat Dealers,156764.0
Champagne Drip,29823.0
Chandhika Batubara,55.0
Charlie Puth,240128.0
CheesedFries,9.0
Chet Porter,44963.0
Chime,59639.0
Chris Aring,22.0
ChrisTravis,270029.0
Chuoi T√¢y ‚ú™,61267.0
Chu·ªôt ƒêow,8053.0
Cigarettes After Sex,95733.0
Circus Records Official,128465.0
Cirdec,15.0
City Girls,25963.0
Clean Bandit,260026.0
ClickOnDetroit,8.0
CloZee,109236.0
Clockartz,3029.0
Complexion,47142.0
Connor‚ôõ,553.0
Convex,26443.0
Coone,118741.0
Corey Nyell,879.0
Corridos Delux,4366.0
CorridosCulichi,1112.0
Crankdat,143574.0
Craz-E Fools,150.0
Crisis Era,9478.0
Croft,496.0
Cryogenic-official,8045.0
Cubicolor,29858.0
C≈çfresi,17044.0
C·ªëp C·ªëp,20.0
D Phoenix 3900,151128.0
D3V,4921.0
DAVE EAST,150319.0
DBSTF,62055.0
DEFŒõLT,8253.0
DHA AM (Deep House London),143743.0
DILLONFRANCIS,6173714.0
DISKORDuk,44794.0
DISTO,40794.0
DIVINE ‚ú®,19329.0
DJ ALEXIS TUME ‚òë,1393.0
DJ ANDERSON DO PARA√çSO,51377.0
DJ ARTHUZIIN,7516.0
DJ BERTOLOSSI DO MARTINS,23773.0
DJ Blyatman,15821.0
DJ B∆∞·ªõg's,12338.0
DJ CABEL√ÉO DO TURANO (BAILE DA AUSTR√ÅLIA) ¬Æ,35611.0
DJ CAIO DO JURAMENTO,15124.0
DJ CHITO X3,469.0
DJ DENILSON DO CHAPAD√ÉO üá™üá¨,25268.0
DJ D≈©ng Pham,2906.0
DJ ENJOY Official ‚ú™,3039.0
DJ GABRIEL DO BOREL,73750.0
DJ GUI MARQUES,47883.0
DJ GUSTAVO MIX ¬Æ,3792.0
DJ Henrique de Ferraz,44465.0
DJ Isaac,72214.0
DJ Jes√∫s S√°nchez,344.0
DJ Kushagra,63.0
DJ MAGO FLOW - La Familia DJs Radio,6084.0
DJ Martinez Houston,9014.0
DJ MeccaNB (PCV),282.0
DJ Mix,258.0
DJ PADDA,233.0
DJ PENOSO DA CDM üá®üáÆ,3189.0
DJ PH DA SERRA,85070.0
DJ Phong Melody,6283.0
DJ R7,131670.0
DJ RYCKO RIA [ account active ],13146.0
DJ RayMambo,2997.0
DJ SAMMER,12729.0
DJ SNAKE,889198.0
DJ T Marq 201,3717.0
DJ TX Producer ‚ú™,19600.0
DJ TiDi,31450.0
DJ TiL√¥,59027.0
DJ VIANA,9479.0
DJ VINICIN DO CONC√ìRDIA,27757.0
DJ VITIEUBAO,394.0
DJ VITIN DO PC OFICIAL - Clique em Seguir,39101.0
DJ Vu Kem,12762.0
DJ WJ DA INESTAN | TROPA DO GORD√ÉO,5197.0
DJ XICLAUDIO üáÆüá∂,1996.0
DJCRivera,2712.0
DJCantik.com,761.0
DJMorenoAPP,3576.0
DOJO!,23328.0
DON Q,31909.0
DUCTRIEU,102.0
DXY,3939.0
Dan Farber,58693.0
Daniella Cerda,5.0
Danny Delgado,1007.0
Darell,2295.0
David Guetta,2325292.0
DavidJacomeTCP.,1125.0
Deadbeats,38769.0
Deathpact,4247.0
Decembria Piccolo,1025.0
Declan Devine ‚ú™,1040.0
DeeJay Gonzalo,566.0
DeejayEcko(PNCS),2835.0
DeejayNp LTP,5928.0
Deep Root Records,86766.0
Deep Sounds,357007.0
Deezay Phong House's,11913.0
Deltarune OST,2306.0
DestoDubb,7368.0
Detrace,20403.0
Dharma Worldwide,30244.0
DholiHardo,1261.0
Digital Records,5489.0
Diki Wahyudi,219.0
Dilettant,30.0
Dim Mak Records,559034.0
Diplo,7120051.0
Dirty Workz,29446.0
Disciple Round Table,30037.0
Disciple ‚ôõ ‚ôú ‚ôû,141507.0
Divana,1538.0
Dj Aladdin,2141.0
Dj Carnage,597591.0
Dj IsI,2945.0
Dj Kantik,43844.0
Dj Nev Remixes & Edits 2.0,11347.0
Dj Sunny 510,337.0
Dj Thera,11104.0
Dj Zubair Dubai,1258.0
Dj j king (PNCS),1410.0
DjOverflow,1425.0
DjRene Reyes,6796.0
DjTennis,59849.0
Doctor_P,167902.0
DogeTheDog,23.0
Doghouse Radio,8642.0
Doktor Froid,40202.0
Dom Mariachi,323.0
Donia Anis,17700.0
Dounia,17009.0
Dracovii,5663.0
Drop Central üíß,57080.0
Drop It Network,82415.0
Dulsae,1595.0
Dutch Revz,13922.0
DyAze,4003.0
D∆∞∆°ng ƒê·ª©c C∆∞∆°ng ‚ú™ 0868425758,13209.0
EA TRAP,860.0
EATBRAIN,52808.0
ECHOS,50050.0
EDM Vietnam ‚úÖ,1183.0
EDM.com,781602.0
EKALI,192024.0
EL MO3,873.0
ELEX,4920.0
EMOtional xan,5527.0
EPHWURD,100197.0
Eastern Odyssey,2423.0
Edo Irawan,14.0
Egzod,14615.0
El Compa Chilo Oficial üé∂üé∂,498.0
El Zorillio Tribalerio *Dj Zorra Mix*,20045.0
ElDeLaDelta,1702.0
Ele A El Dominio,6461.0
Electric Mantis,86579.0
Elektronomia,36910.0
Elephante,151500.0
Eli Sostre,37582.0
Ella Mai,170872.0
Enschway,43105.0
Ensis Records,28981.0
Eric Bellinger,140061.0
EscapadeClubs,11121.0
Escape Radio,149.0
Estilo Sucio,431.0
Everything Gorillaz - P2,13124.0
FACE,3511.0
FACT,147595.0
FESTIVAL TRAP,11675.0
FLEXSTAR,719.0
FM-84,14716.0
Faded,27.0
Famous Dex,254435.0
Far Out,28124.0
Father Funk,26378.0
Fauzan Buex,53.0
Featurecast,79397.0
Feel The Beat,2470.0
Ferdy,7.0
Ferryan Yudha,86.0
FettyWap1738,564916.0
Flexible,800.0
Flipp Dinero,35556.0
Floret Loret,2621.0
Florian.N.,183.0
Flosstradamus,5919306.0
Flume,2165852.0
Folded Dragons,1087.0
Fonk Recordings,16805.0
Foreign Family Collective,81546.0
FotschFest,639.0
Fransis Derelle,38674.0
Free Hip Hop Beats | Free Beats,9104.0
Frequent,17346.0
Fresh Music,289.0
FuckThePxpulatixn,54.0
Fuerza Regida,271.0
Future,9789123.0
Future Generation Remixes,55880.0
G JONES,121113.0
GDKR,2427.0
GEARWORLD,84851.0
GEO,1958.0
GETTER,417026.0
GHASTLY,179817.0
GHOSTEMANE,287731.0
GLADEZ,11454.0
GMGB DAIDOUGH,4701.0
GR6 EXPLODE,393655.0
GR6 FLUXOS,18055.0
GRAVEDGR,19163.0
GTA_,304093.0
GUAPOTREYüëΩ,678.0
Gabe Ceribelli,1570.0
Gagan Gupta 6,315.0
Galantis,452296.0
Gallant,110531.0
Gemstone Records,3429.0
Gesaffelstein,214428.0
GhostDragon,2888.0
Gill Chang,63825.0
Giorgia Angiuli,45656.0
Giovani Baldan,84.0
"Gi·∫≠t,",347.0
Glazkov,21.0
Gleam Records,132.0
Golden Features,63704.0
Good Enuff,58988.0
Gryffin,204998.0
Gucci Mane,799410.0
Gunna,19331.70588235294
Guy Nicki,42.0
Gym Best MusicFor Workout,27349.0
H.E.R.,153528.0
HEKLER,23259.0
HEXAGON,152245.0
HEYKERIüå∏,2852.0
HIGH ON MUSIC,148143.0
HOME,82619.0
HUY NEWYORK,2397.0
HU‚Çµ‚ÇµI,335329.0
Ha Banana ‚ú™,31260.0
Hades,293.0
Hahlweg,1408.0
HardEffectz,3539.0
Hardstyle,119563.0
Harlow Lewis,132.0
Harold van Lennep,13669.0
HatredOfficial,7879.0
Haywyre,123385.0
Heartfeldt Radio,23043.0
Heber Salvador,571.0
Hegemon Select,254537.0
Hessle Audio,38981.0
Hiderway,1144.0
Hikaru Utada,961.0
Hippie Sabotage,242564.0
Hipst3r,4874.0
Hugo Ouanounou,905.0
Hundaes,12215.0
Hungry Music,50442.0
Hussein_se7s,612.0
Hybrid Trap üî•,106971.0
Hyper Potions,31146.0
I.M,24742.0
ILLENIUM,460718.0
Imes,201.0
Inextremis,16673.0
InformateSalta,29.0
Ivy Lab,66412.0
J. Cole,2077708.0
J. Fisher <3,471.0
JACKAL,105639.0
JACKNIFE,10198.0
JAK3,7769.0
JATTFROMSEATTLE,810.0
JEFF?!,6970.0
JL ProduCer,1884.0
JOE DAWES (FOLLOW),257.0
JORDICARRERAS,4029.0
JOSHUA,52.0
JOYRYDE,170635.0
JVNA,15046.0
Jack,2955.0
Jack √ú,513882.0
Jacob,34837.0
Jacquees,338082.0
Jad≈´ Dala,23883.0
Jaenga,3094.0
Jaguar Dreams,1483.0
Jamie B DJ/Producer (official),6419.0
Jamie Han,1137.0
Japannnnnn,40.0
Jaron,10238.0
Jay Eskar,12429.0
Jay Gwuapo,19637.0
Jeaux,80.0
Jenaux,30949.0
Jeremy Wildcard,281.0
JerseyClubCO,95.0
Jesse Bloch (Bootlegs & Mashups),66271.0
Jesus Honcho,24002.0
Jesus Marin,535.0
Jhay Cortez,1633.0
Jhen√© Aiko,501049.0
Jkyl & Hyde,5951.0
Job Jobse,36410.0
Joepry Yanto,10.0
Joey Stux,26381.0
Johnny singer 81,23501.0
Joji,6513.0
Jon Z ‚úÖ,89084.0
Joshua Perez,6812.0
Jo√£o Sousa,4548.0
Juice WRLD,822796.0
Juicy J,1156478.0
Julian Jordan,107335.0
Jun,7.0
Justice Skolnik,16535.0
Justin Caruso,73160.0
K2N ‚ô• K-Pop 1st,237.0
KAYVIAN Remixes,1111.0
KDrew,135025.0
KENNIE,485.0
KEVU,55200.0
KHARFI,19806.0
KIRA,9405.0
KLAXX,9568.0
KNY FŒõCTORY,66237.0
KOAN Sound,236252.0
KRANE,154642.0
KRONO,62404.0
KUURO,9518.0
KVN j.,53.0
KXA,31919.0
Kaivon,21629.0
Kakeru,511.0
Kalya Scintilla,66749.0
Kam Bennett,25760.0
Kantor,33791.0
Kanye West,1013952.0
Kap Slap,169648.0
Kasbo,126170.0
Kayleigh Beresford,168.0
Kayoh,26630.0
Kayou. Remixes,43.0
KeeBin ‚ú™,20482.0
Kehlani,593362.0
Ken77 üíé,11750.0
Kevin Gates,541870.0
Khalid,306048.0
Khamsin,30601.0
Khoa D∆∞∆°ng,5151.0
KiD TRUNKS,83372.0
Kill Paris,185989.0
Klo,1302.0
Kodak Black,1177595.0
Kompakt,165268.0
Kompany,56900.0
KondZilla Records,102173.0
Koni,89496.0
Konrad Mil,340.0
Kontrabandz,830.0
Kora,17929.0
Kotori,29424.0
Kuma Kokoro,200.0
Kwiin Ponira,3623.0
Kyante Wilson,1743.0
Kygo,1454540.0
L2ShareOST18,148.0
L2Share‚ô´42,12117.0
L2Share‚ô´49,10560.0
L2Share‚ô´52,4364.0
L2Share‚ô´55,11839.0
L2Share‚ô´59,6135.0
L2Share‚ô´66,10941.0
L2Share‚ô´77,2933.0
L2Share‚ô´78,2391.0
L2Share‚ô´79,2568.0
L2Share‚ô´80,450.0
LARSEN,5966.0
LEEDJ - Fb: B√πi Kim T√¢n - DJ MR.LEE ‚ú™,20271.0
LEGENDA FUNK,183420.0
LIL LOTUS,31088.0
LIL TEXAS,21351.0
LIL UZI VERT,1831331.8588235294
LIL XAN,434485.0
LINDI,3482.0
LINKIN_PARK,5114158.0
LOUD LUXURY,30459.0
La Angelina Music,94.0
La Casa Urbana ‚úÖ,25192.0
Lacuna,19544.0
Lane 8,151577.0
Lary Over,59791.0
Laszlo,36043.0
Late June,22932.0
Layton Greene,48065.0
Lazy Bear,32348.0
Lazy Syrup Orchestra,6142.0
LeagueofLegends,134096.0
Lee Keenan Bootlegs,8929.0
Leek jack,6171.0
Legado 7,1892.0
Lemao 1305,453.0
Lenny Tav√°rez,12412.0
Liam Cleary üíØüòé‚ôõ,1240.0
Libeikast√≤nem,22.0
LifeOfDesiigner,274586.0
Lights & Music Collective,1098.0
Lil AK,5422.0
Lil Baby,356207.0
Lil Baby Street Gossip,10111.0
Lil Durk,121611.0
Lil Gotit,7477.0
Lil Gun,88.0
Lil Keed,33451.0
Lil Mosey,180080.0
Lil Pump,1306969.0
Lil Tecca ‚ú∞,18250.0
Lil Tjay,165169.0
Lil Wayne,285677.0
"Lil Yachty, RD, Lil Boat",773196.0
LinhLee 0946233333,29577.0
Liquid Ritual,9923.0
Lontalius,20858.0
Los Hijos De Garcia,117.0
LosDurosTV,526.0
Louis The Child,311416.0
Lucas Tobias,91.0
Luceo,1451.0
Lucian,120588.0
LuisPerez13,3148.0
Luka Lucky,23.0
Lumar Perez,43.0
Luttrell,11335.0
Lyke,28.0
M+ike,469.0
M. Ward,29948.0
M83,571579.0
MAC AYRES,36027.0
MADDS,7866.0
MADGRRL,554.0
MAG3,643.0
MARTY BALLER,16175.0
MC FROG #A2M,6947.0
MC RICK OFICIAL,88995.0
MEDUZA,19.0
MEEK MILL,403025.0
MELHORES PAGODES ‚ú™,13950.0
MILD MINDS,1034.0
MIND DIMENSION,468.0
MMNC,271.0
MOHAMED HALIM ‚ú™,4459.0
MONTANA of 300,156392.0
Maatesh Murali,311.0
Mabel,17092.0
Machinedrum,176366.0
Macks Wolf,4295.0
Mad Decent,6059482.0
Mahritsza,8727.0
Major Lazer [OFFICIAL],4204142.0
Mako,14.0
Malik Hamza Sajjad,324.0
Manila Killa,114655.0
Manse,20041.0
Marcus mj,2610.0
Marin Hoxha /(Remixes),1159.0
Martin Garrix,1889441.0
Massive New Krew,7308.0
Mastadon,30057.0
Masters of Hardcore,81613.0
Mateus Santiago,1754.0
Matheus Bazoli,170.0
Matt Barker Music,820.0
Matte,2353.0
Maxximize On Air,22248.0
Maxximize Records,49169.0
Mayan Warrior,36437.0
Meaux Green,68165.0
Mefjus,70837.0
Menor Menor,385.0
Menumas,31423.0
Metanoia Music,123501.0
Metro Boomin,583122.0
Michael,119.0
Michael Gutierrez-Diaz,358.0
Midland,71832.0
Midoca,6822.0
Mielo,17233.0
Mike Perry Sweden,11894.0
Mildred,997.0
Mincaf√©,258.0
Minh Quang,8239.0
MinhHieu.SickBoy,191.0
MistrzMarcus,111.0
Mixmag,1403057.0
Mohamed Abkarino,34.0
Mohamed Ramadan,20674.0
Mohamed Samir 341,460.0
Mohamed Talaat,1911.0
MoneyJourney,966.0
Monstercat,1007396.0
Moon,8.0
More Fruit üí¶üåøüçé,2460.0
More Than Records,75553.0
Morgan Page,155645.0
Moving Castle,76896.0
Mr. Rian Thaal,3238.0
MrSuicideSheep,738781.0
Mugatunes VIP,10270.0
Music,744.0
Music Mhragnat - ŸÖŸäŸàÿ≤ŸÉ ŸÖŸáÿ±ÿ¨ÿßŸÜÿßÿ™,8932.0
My Nu Leng,90538.0
Mystery Skulls,30501.0
Mystical Complex,58140.0
N3bula,4458.0
NASCENT,1783.0
NAZAAR'S WAVES,985.0
NCM,2570.0
NCRYPTA,7823.0
NCS,1172518.0
NESCAF√â Basement,63881.0
NGHTMRE,405717.0
NLE Choppa,3057.0
NO1 | NOAH,75814.0
Nanks,9610.0
Narzo Sanabria,1467.0
Neko Hina,31.0
Nelchael Nelchabarren,2258.0
Neophyte Records,25451.0
Ness The Kid,4911.0
Nettwerk Music Group,41613.0
New 2018,1501.0
News24,284.0
Ng-Tiek,84.0
Nguy·ªÖn T√†i Tr√≠,1303.0
Nick Nitro,5106.0
Nick Vanelli,1892.0
Night Lovell,278627.0
NightCore,125810.0
Nina Kraviz,343276.0
Ninety9Lives,103301.0
Nirvana,74753.0
Nitti Gritti,47199.0
No Jumper,104980.0
No Mana,29360.0
Noisia Radio,49537.0
Nolan van Lith,25891.0
Nora En Pure,174379.0
Noriel,64567.0
Nowadays Records,95378.0
Nu Elect Remix,40.0
Nurko,24036.0
ODESZA,713303.0
OFFSET ‚Äì FATHER OF 4 (ALBUM),2118.0
OLIVERSE,26848.0
ONYRIX / Dino Olivieri,5297.0
Ocean,10563.0
OfficialJeremih,202721.0
Offing,5418.0
Offset,3416.0
Ohhh Gawd,10085.0
Olly James,91339.0
Olosai,21803.0
OneyMusic,48781.0
Original Do Brasil,102.0
Osias,9336.0
Otilia Official,12455.0
OweR__,536.0
PAN,41510.0
PARTY FAVOR,168101.0
PEARL WHITE,12179.0
PEEKABOO,35426.0
PERTURBATOR,45260.0
PETIT BISCUIT,221142.0
PHARAOH,105208.0
PHORA,177856.0
PLAYBOX,16200.0
"PMJ ""Pastor Mike Jr.""",415.0
PNCS INC,17784.0
POLO G,21272.0
POWERFUL RAMA,3515.0
PSYQUI,9263.0
PYRMDPLAZA,56140.0
Panda Panda,96.0
Panic! At The Disco,315446.0
Panorama LIVE,616.0
Pantheon Select,191199.0
Pardi,1002.0
Party Pupils,40336.0
Patrick Topping,142088.0
PatrickReza,94046.0
Paula Temple,47608.0
Pax Impera,4932.0
Pesawat Sederhana,34.0
Phong H·∫£i Nguy·ªÖn,18.0
Pink Sweat$,12124.0
Plasmapool,13007.0
Playground Radio,10144.0
PnB Rock,490047.0
Polo G,6018.0
Pope,18395.0
Pornhub,1450.0
Portal do Rap,15144.0
Porter Robinson,4207811.0
Post Malone,1329383.0
Potion,26077.0
Pouya .,471482.0
Prince Armani,3999.0
Prince Winston Thee Third,3444.0
Producer D.Minz,1149.0
Protocol Recordings,166617.0
Proximity,350426.0
Pucca,11.0
Puppet,24431.0
QUIX,115962.0
Quando Rondo,93911.0
QuarTer 2,50.0
Quartzo Records,142456.0
Queen,70299.0
Queen Naija,130224.0
Qu·ª≥nh Anh Shin,1692.0
R-Wan,22814.0
R3HAB,3867028.0
R3HAB - I NEED R3HAB,195064.0
RD Urbans Music ‚úÖ,57078.0
REESE,6735.0
REVOKE,15479.0
REZZ,196556.0
RIOT TEN,120529.0
RL Grime,688274.0
ROJAS,60435.0
Rabbit Network,60.0
Radical Redemption,46437.0
Raider,6585.0
Rain Man,40567.0
Rampa,61261.0
Raul RM,10.0
Reaper,2876.0
ReauBeau,4646.0
Reggaeton - TRAP,1135.0
Resident Advisor,143726.0
RetroSpecter,13297.0
Revealed Recordings,449978.0
Rex Orange County,93515.0
RhymeCloud - Punjabi Hindi Poetry,321.0
Rich The Kid,431122.0
Rickie Nolls,2422.0
Riddim Network,67797.0
Riot Shift,3439.0
Rising Dust,39899.0
Rmastic Records,67.0
Roadrunner USA,506878.0
Robert Raafat,119.0
Robin Schulz,422612.0
Robot Heart,154824.0
Rocio Araujo,247.0
Roddy Ricch,65789.0
Rodrigo Le√≥n,8.0
Romen Jewels,6347.0
Romen Jewels Diary,1440.0
Romen Jewels Secrets,698.0
Romen Jewels VIP,296.0
Romeo Santos,7487.0
Rudboii,409.0
Rudeejay,57921.0
Rudimental,919094.0
RyanMcRandal‚ôà,560.0
RyukeiZero,3.0
R√úF√úS DU SOL,207678.0
SERPENTS,615.0
SFiremusic,29851.0
SHAKED (Official),14529.0
SHORELINE MAFIA,246239.0
SIMON PALACIOS,11644.0
SK BEATS TECH,340.0
SKI MASK THE SLUMP GOD,943561.0
SLANDER,331630.0
SN0WMASS,10086.0
SNAILS,272116.0
SNAKEHIPS,309962.0
SNEEK,17558.0
SNOH AALEGRA,26847.0
SWATTREX,2978.0
SYNESTHESIA,10877.0
Sample Logic,2295.0
San Holo,440088.0
SangChjvas (ƒê√≠ch B·ª±),7177.0
Savoy,61430.0
SayMaxWell,13413.0
Sayven Music,150.0
Scantraxx,38858.0
Schorty,46.0
Sebek,321.0
Sefa,31429.0
Selador Recordings,13397.0
Sertanejo Repost,87801.0
Seven Lions,3653672.0
Shady Ali,680.0
Shanghai Doom,10365.0
Shawn Wasabi,117216.0
Sherine,7919.0
Shev Stax,71.0
ShineMusic,46295.0
Ship Wrek,56092.0
Sigala,48498.0
Similar Outskirts,8731.0
Sjammienators,17356.0
Skinnyfromthe9,57297.0
Sleeping At Last,89538.0
Slooze,6274.0
Slow Hours,9429.0
Smooky MarGielaa üçá,39396.0
Soba,4087.0
Soldier Kidd,28774.0
Son2M,15375.0
Soul Saiyan Xth,86.0
Spectrum,2862.0
Spinnin' Records,1632899.0
Stars and Rabbit,27934.0
Stephen,95449.0
Sterk√∏l,15334.0
Steve Aoki,4127975.0
Steve Schlatman,30.0
Stickybuds~,69665.0
Stil vor Talent,128788.0
StoRo,944.0
Stonebank,27180.0
Straim,2532.0
Strelitzian,478.0
SubDocta,15321.0
Subfer,13913.0
Subtronics,68881.0
Suit of Bullets,11868.0
Summer,92.0
Summer Walker,39664.0
Sunmin Jeong_ÏÑ†ÎØº,626.0
Supreme Patty,80840.0
Sweepz,1668.0
Sweet Musique,87682.0
Sweet Spot,2463.0
Swunks,622.0
Sydney Renae,128832.0
Synchronice,52017.0
Synkro,49318.0
Synthion,13478.0
T-Mass,181298.0
TCK,480.0
TCT Production,5865.0
TERROR BASS,15159.0
TEYANA TAYLOR,7884.0
THE GANG,50553.0
TOKYO MACHINE,32122.0
TOO KIND,5511.0
TOON KIDS MUSIC¬Æ,12004.0
TRAILS,34820.0
TRAP CORRIDO$,872.0
TRAP SUPER,823.0
TRAPCLOUD,616.0
TWO LANES,13106.0
TWOLOUD,60805.0
Takeoff,14145.0
Tam_0146 ^^,24.0
Taofik opung,6.0
Tasty,192373.0
Tchami,496143.0
Team Generation (DJ B-Generation),340.0
Tee Grizzley,206858.0
TeeMin,15899.0
Teebo,8456.0
Teenage Kicks.,650.0
Teminite,115213.0
The Chainsmokers,1055592.0
The Funk Hunters,75379.0
The Glitch Mob,336735.0
The Trap House ‚úÖ,30483.0
The Upbeats,83052.0
TheBestSongs,20.0
TheFatRat,368240.0
Thissongissick.com,772688.0
ThissongissickMixes,3757.0
Thoreau,8907.0
Thuy Ngoc Le,1189.0
Th·ªãnh Suy,7069.0
Tigey,37.0
Tim Gunter,49788.0
Tink,165467.0
Tirantbacon2,64.0
Tisoki,66088.0
Ti√´sto,1841531.0
Tobtok,37485.0
Tonifa,60.0
Tony Kakkar - Kuch Kuch | Neha Kakkar | Priyank,226.0
Tooru,6.0
TopDawgEnt,1474721.0
Tora Loaadiing,95.0
Touliver,127475.0
Trademark,3256.0
Trap,711547.0
Trap Codeine,556.0
Trap House Latino,10123.0
Trap Music HD,176760.0
Trap Nation,1092474.0
Trap Network,50521.0
Trap Sounds,211419.0
Trapeton Tv ‚úÖ,7314.0
Travis Scott,1458205.0
Trevor Something,14123.0
Treybaile,1418.0
Tri Suprastomo Nitihardjo,209.0
TriOnDaBeat,1079.0
Tribal Trap,142334.0
Triggabyte,3704.0
Trillions,474.0
Trinidad Cardona,33624.0
Trippie Redd,985891.0
Tritonal,201030.0
True King Productions,20.0
TryHardNinja,40015.0
Tuan Lux,2522.0
Tucandeira,118.0
Twilight Notes,17554.0
Two Feet,114040.0
Two Friends Big Bootie Mixes,18406.333333333332
Two Friends Remixes,1768.0
Tyga,336668.0
TypicalHeist,369.0
UFO Project,14367.0
UKato,12246.0
UNDER - VIETRAP,885.0
Ujico*/Snail's House,134912.0
Ultimate Trvp,14052.0
Ulviyya Ali,1269.0
Undertale: Daitai Rireki (AZ!Underswap) OST,1234.0
Undiscovered Sounds,4862.0
Unresolved,13000.0
Uprise Music,53681.0
Upriser,901.0
Uptempo HC Channel,23477.0
Urang Awak,109.0
Uzi Updatess,7760.0
VALENTINE,22305.0
VANIC Official,331205.0
VINXENüá∞üá∑,117246.0
VXII Radio,14019.0
Valentino Khan,189321.0
Vangorian,33.0
Vedo TheSinger,41353.0
Vexento,36505.0
Vicetone,339394.0
Vincent 2,12429.0
Virtual Riot,285088.0
Vi·ªát,2219.0
Vlad Zinchenko,19.0
Voldex,8033.0
Voliik,2802.0
VƒÉn Nguy√™n,13049.0
"V≈©,",118186.0
W&W,422081.0
W. A. Production¬Æ,423786.0
WAVEDASH,28556.0
WB x MB,15839.0
WE ARE FURY,14945.0
WEVLTH,17464.0
WILD BOYZ!,11645.0
WITNESS THIS,6112.0
WIWEK,146569.0
WOO2TECH [P R O M O],10005.0
WORLDSTARHIPHOP,8615.0
Wakaan,53398.0
WarfaceOfficial,37103.0
Warner Music Nashville,3005219.0
Wasp Records,10888.0
What So Not,394063.0
When We Dip,86266.0
WillSparks,364892.0
WindFair,911.0
Windhive,420.0
Wooli üêò,34926.0
WorldStarHipHop Radio,8333.0
XXXTENTACION,3347626.0
XXXTentacion,2562.0
Xavi,8850.0
XavierWulf,322652.0
Xinwi III,408.0
YAKUTARO,69.0
YG,172814.0
YG Entertainment,31944.0
YK Osiris,24572.0
YOOKiE,82016.0
Yheti,52573.0
Yk Osiris,60.0
Ynw Melly,163326.0
Yoe Mase,20822.0
Young M.A,170696.0
Young MA,8498.0
Young Thug,765191.0
YoungBoy Never Broke Again,662789.0
YtMatch.com,553.0
Yung Dza,2417.0
Yung Gravy,180045.0
Yung Storm,26.0
Yunizon,26225.0
Yvng Jalape√±o,12899.0
Z Money,5553.0
ZCBeats,1174.0
ZZZ Beats,1436.0
ZaddyB,140.0
Zedd,4270241.0
Zimmer,88927.0
Zinay Hernandez,116.0
[DJWiLlY '19]‚úî,2110.0
_lynx1337,72.0
adik 21,1.0
afieqzz,202.0
alexeiorloff,1700.0
anderson .paak,225959.0
arael,11614.0
arthyum,2052.0
beartrap sound,476776.0
benjamino,179.0
benny blanco,6367.0
bitbird,201165.0
bitbird radio,11057.0
blake skowron,14538.0
boppin‚Ñ¢,48.0
boy pablo,36476.0
brednbutter,70255.0
brothel.,48663.0
brysontiller,947100.0
cartoon ben,1344.0
clammyclams,152640.0
conrad foxx,76.0
crisaunt,3806.0
cubied,1594.0
cuco,125672.0
delgrosso,14117.0
dias wiguna,434.0
dimitrivegasandlikemike,993435.0
dj-Jo,66249.0
djchorlo,1310.0
djmarcos nealtican,615.0
dr3amb3ing,342.0
dssv,252.0
echod,719.0
elmagnon,163.0
enjoii,6190.0
entai,2114.0
eslam mostafa,221.0
essri,3.0
ezuworld,185.0
far places,5892.0
flybymidnight,6225.0
ford.,11285.0
freakinjar,2.0
frshblood,17163.0
fthc,2834.0
future classic,568826.0
galaxy music ‚ú™,16641.0
graves,143150.0
hhl-music,78.0
hongkhanh,1729.0
iLLPeTiLL,825.0
iann dior,10302.0
idealism,42262.0
ikamize,191.0
infamoso_smiley,4460.0
isaiah bolton,6.0
jazzy_catt,59.0
joginder Singh,128.0
johnlegend,4900250.0
jorell,545.0
jrmusic,6396.0
ju1ced,2131.0
k$upreme,71038.0
kLL sMTH,22195.0
ka$h steezy,436.0
kg,1713.0
kiino,47.0
kudasai,22460.0
laxcity,18269.0
lclone,1400.0
lil jewsh,61.0
lil skies,650548.0
lil tracy,190105.0
lilawge,382.0
livandmim,19.0
lukegarrity,721.0
marshmello,1101572.0
masdayat97,51.0
mau5trap,228763.0
memphis.,6529.0
modernlove,42551.0
moogmusicinc,11237.0
msft.,4360.0
musicku,446.0
mxr√ßh/pt.10,764.0
nelle,2225.0
neutral.,5143.0
nickyromero,3797765.0
noon,171.0
octobersveryown,2389940.0
officialb2s,64073.0
partyomo,1274169.0
pg200,8.0
pluffaduff,2438.0
plugged records.,50720.0
pmrecordings,24016.0
promocionesfreddy,6342.0
real__pcy,356684.0
sad frosty :(,35938.0
septian yuda putra,182.0
signal,25108.0
six impala,5365.0
slushii,277843.0
smee5,206.0
smokepurpp,568693.0
solomun,556788.0
tiny elephant,14585.0
trndmsk,76211.0
tsuruda,59968.0
vowl.,25879.0
vromance,35895.0
waltermartinmusic,1434.0
weef leaks*,7269.0
whoisFIYAH,764.0
williamgoodofficial,374.0
www.AreaDugem.net,6753.0
xantacular,996.0
xavierdang,12424.0
yung187,6219.0
zpk,479.0
√ëengo Flow Official,44816.0
ƒê.BoomBaa üê±üê±üê±,23438.0
ƒê·∫°t BoomBaa,31680.0
ƒê·ª©c Durex,6899.0
 ü·¥ú·¥Ñ·¥Ä  ü·¥ús ú,132753.0
–¢–∏–º–∞ –ë–µ–ª–æ—Ä—É—Å—Å–∫–∏—Ö,13480.0
ÿ¥ÿπÿ®Ÿä ÿ≥ÿßŸàŸÜÿØ,53.0
ŸÖŸáÿ±ÿ¨ÿßŸÜÿßÿ™,617.0
‡ºÑ Tha Trickaz ‚òÅ,114112.0
·É¶ ÏäàÎπÑ_[‡πëB T S‡πë],7.0
‚Ü™ DJ JUNINHO 22,32324.0
‚òÖ‚òû Azteca PDLK ‚òú‚òÖ,440.0
‚òÜLiL PEEP‚òÜ,1256344.0
‚ò†Ô∏èS ú·¥Ä Ä·¥ÄX O“ì“ì…™·¥Ñ…™·¥Ä ü‚ò†Ô∏è,57675.0
‚ô§‚ô°‚ô¢‚ôßEl Fran Rt‚ô§‚ô°‚ô¢‚ôß,3243.0
‰ªôÊ∞¥È¢®Ê•Ω,125.0
ÌÉúÌÉú Daily,4294.0
Ôº≥Ôº®Ôº•eÔº≥Ôº®,1226.0
üå∏fatboibariüå∏,20195.0
üç∫ Hiruko üç∫,73108.0
üëª Hi I'm Ghost üëª,16216.0
Û†Ä†,6229.0
